{
  "version": "v6",
  "train_r2": 0.9937334060668945,
  "val_r2": 0.9945371150970459,
  "train_mae": 0.19672946631908417,
  "val_mae": 0.1777425855398178,
  "segment_accuracy": 0.9874213836477987,
  "n_features": 8,
  "feature_names": [
    "Jumlah_ASI_Eksklusif",
    "Rasio_ASI_Bayi",
    "Lag1_Target",
    "Lag2_Target",
    "Lag3_Target",
    "Month_Sin",
    "Month_Cos",
    "Year_Trend"
  ],
  "prediction_std": 3.0212512016296387,
  "actual_std": 3.10571026802063,
  "note": "Global model with Rasio_ASI_Bayi (r=0.89). All puskesmas pooled, temporal 80/20 split."
}