{
  "version": "v7",
  "train_r2": 0.990682065486908,
  "val_r2": 0.988815426826477,
  "train_mae": 0.3711053133010864,
  "val_mae": 0.40144556760787964,
  "segment_accuracy": 0.9861111111111112,
  "n_features": 8,
  "feature_names": [
    "Jumlah_ASI_Eksklusif",
    "Rasio_ASI_Bayi",
    "Lag1_Target",
    "Lag2_Target",
    "Lag3_Target",
    "Month_Sin",
    "Month_Cos",
    "Year_Trend"
  ],
  "prediction_std": 4.755241394042969,
  "actual_std": 4.837681770324707,
  "note": "v7: Data 2021-2025 dengan Jumlah_ASI_Eksklusif dimodifikasi agar Persentase_Cakupan >= 80% (Sangat Baik). All puskesmas pooled, temporal 80/20 split."
}